{
  "n2i_top1": 0.49000000953674316,
  "n2i_top5": 0.8500000238418579,
  "n2i_top10": 0.9399999976158142,
  "median_rank": 1,
  "mean_rank": 2.4000000953674316,
  "mean_pos_sim": 0.15712600946426392,
  "mean_neg_sim": 0.023149659857153893,
  "pixcorr_mean": 0.03626261482131667,
  "pixcorr_std": 0.10755137315326226
}