{
  "pixcorr_mean": 0.03626261482131667,
  "pixcorr_std": 0.10755137315326226,
  "clip_sim_mean": 0.6057748794555664,
  "clip_sim_std": 0.055724725127220154,
  "clip_id_top1": 0.009999999776482582,
  "clip_id_top5": 0.04999999701976776,
  "clip_id_top10": 0.08999999612569809,
  "clip_id_median_rank": 48,
  "clip_id_mean_rank": 48.0099983215332,
  "retrieval_top1": 0.49000000953674316,
  "retrieval_top5": 0.8500000238418579,
  "retrieval_top10": 0.9399999976158142,
  "retrieval_pixcorr_mean": 0.12535542293149773,
  "retrieval_pixcorr_std": 0.16847067140617497,
  "retrieval_clip_sim_mean": 0.6773613095283508,
  "retrieval_clip_sim_std": 0.10200666636228561,
  "retrieval_clip_id_top1": 0.2800000011920929
}